,Constant,log_P(atm),log_Fuel(%),log_Oxidizer(%),T0/S_H__T,T0/T,y_pred,y_act
0,1.0,0.17395330712343798,0.0,1.8718021769015913,0.17793594306049823,0.7117437722419929,5.90112363846985,6.028278520230698
1,1.0,0.16551443847757333,0.0,1.8718021769015913,0.17793594306049823,0.7117437722419929,5.906093382367151,6.040254711277414
2,1.0,0.1570037488096647,0.0,1.8718021769015913,0.177430801987225,0.7097232079489,5.88825394501449,5.966146739123692
3,1.0,0.131028262406404,0.0,1.8718021769015913,0.17277125086385625,0.691085003455425,5.692763296013775,5.497168225293202
4,1.0,0.1823215567939546,0.0,1.8718021769015913,0.16914749661705006,0.6765899864682002,5.4986253854135425,5.14166355650266
5,1.0,0.27763173659827955,0.0,1.8718021769015913,0.16857720836142953,0.6743088334457181,5.416697563650303,5.081404364984463
6,1.0,0.688134638736401,0.0,1.8718021769015913,0.17768301350390903,0.7107320540156361,5.5868745356018445,5.6937321388027
7,1.0,0.7080357930536959,0.0,1.8718021769015913,0.17857142857142858,0.7142857142857143,5.615344478549689,5.814130531825066
8,1.0,0.7030975114131134,0.0,1.8718021769015913,0.17301038062283736,0.6920415224913494,5.366683040083382,5.225746673713202
9,1.0,0.6931471805599453,0.0,1.8718021769015913,0.171939477303989,0.687757909215956,5.324097576774326,5.135798437050262
10,1.0,1.33500106673234,0.0,1.8718021769015913,0.17667844522968199,0.7067137809187279,5.160483207306131,5.241747015059643
11,1.0,1.3376291891386096,0.0,1.8718021769015913,0.17869907076483202,0.7147962830593281,5.250344156960642,5.493061443340548
12,1.0,1.3217558399823195,0.0,1.8718021769015913,0.17445917655268667,0.6978367062107467,5.0678886075336225,5.017279836814924
13,1.0,0.6780335427498971,0.0,1.8718021769015913,0.17029972752043596,0.6811989100817438,5.25881947249793,5.0106352940962555
14,1.0,0.131028262406404,0.0,1.8718021769015913,0.1667778519012675,0.66711140760507,5.421635034037698,5.017279836814924
15,1.0,0.11332868530700327,0.0,1.8718021769015913,0.16611295681063123,0.6644518272425249,5.401980112637039,4.941642422609304
17,1.0,0.16551443847757333,-0.6931471805599453,1.1786549963416462,0.16523463317911435,0.6609385327164574,5.655365931924322,5.225746673713202
18,1.0,0.1823215567939546,-0.6931471805599453,1.1786549963416462,0.16914749661705006,0.6765899864682002,5.822477417240279,5.616771097666572
19,1.0,0.28517894223366247,-0.6931471805599453,1.1786549963416462,0.16318537859007834,0.6527415143603134,5.492190374525895,5.049856007249537
20,1.0,0.3148107398400336,-0.6931471805599453,1.1786549963416462,0.16170763260025872,0.6468305304010349,5.407889881450658,4.912654885736052
21,1.0,0.1570037488096647,0.6931471805599453,2.5649493574615367,0.17458100558659218,0.6983240223463687,5.435483356303379,5.187385805840755
22,1.0,0.13976194237515863,0.6931471805599453,2.5649493574615367,0.17433751743375175,0.697350069735007,5.4346223769329605,5.19295685089021
23,1.0,0.13976194237515863,0.6931471805599453,2.5649493574615367,0.1718213058419244,0.6872852233676976,5.320794467275244,5.003946305945459
24,1.0,0.131028262406404,0.0,2.5649493574615367,0.1849112426035503,0.7396449704142012,6.291951490917368,5.726847747587197
25,1.0,0.02955880224154443,0.0,1.1786549963416462,0.15006002400960383,0.6002400960384153,4.675112040163426,5.176149732573829
26,1.0,0.0769610411361284,0.0,1.1786549963416462,0.14417531718569782,0.5767012687427913,4.380985065492379,4.653960350157523
27,1.0,0.3293037471426003,-0.05129329438755058,1.8229350866965048,0.18768768768768768,0.7507507507507507,6.274923889354174,6.680854678790215
28,1.0,0.3987761199573678,-0.05129329438755058,1.8229350866965048,0.18037518037518038,0.7215007215007215,5.903208994965777,6.184148890937483
29,1.0,0.2151113796169455,-0.05129329438755058,1.8229350866965048,0.1724137931034483,0.6896551724137931,5.65121546043807,5.58724865840025
30,1.0,0.20701416938432612,-0.05129329438755058,1.8229350866965048,0.1654533421575116,0.6618133686300464,5.341108419047732,5.043425116919247
31,1.0,0.20701416938432612,-0.05129329438755058,1.8229350866965048,0.19592476489028213,0.7836990595611285,6.719568944876954,7.266827347520591
32,1.0,1.667706820558076,-0.05129329438755058,1.8229350866965048,0.17857142857142858,0.7142857142857143,5.074323761089851,5.293304824724492
33,1.0,1.6714733033535532,-0.05129329438755058,1.8229350866965048,0.16926201760324983,0.6770480704129993,4.65096824409735,4.532599493153256
35,1.0,0.16551443847757333,0.6931471805599453,2.5649493574615367,0.18050541516245489,0.7220216606498195,5.698478649199842,5.8664680569332965
36,1.0,0.058268908123975824,0.0,1.1786549963416462,0.15365703749231716,0.6146281499692686,4.820925362065811,5.393627546352362
38,1.0,0.12221763272424911,0.0,1.1786549963416462,0.15451174289245984,0.6180469715698393,4.821930247807215,5.384495062789089
43,1.0,1.7047480922384253,-0.05129329438755058,1.8229350866965048,0.18450184501845018,0.7380073800738007,5.320788813640548,5.7745515455444085
55,1.0,0.5538851132264376,-0.6931471805599453,1.3862943611198906,0.11193194537721066,0.6715916722632639,5.329266671819814,4.976733742420574
56,1.0,0.6471032420585384,-0.6931471805599453,1.3862943611198906,0.12254901960784313,0.7352941176470589,5.972723453097227,6.401917196727186
57,1.0,1.244154593958768,-0.6931471805599453,1.3862943611198906,0.11947431302270012,0.7168458781362007,5.418869814681025,5.755742213586912
58,1.0,1.2267122912954254,-0.6931471805599453,1.3862943611198906,0.11502185415228894,0.6901311249137336,5.136274622846772,5.087596335232384
59,1.0,0.5481214085096876,-1.3862943611198906,1.3862943611198906,0.13196093956188967,0.7917656373713381,7.023951656591624,7.237778191923443
60,1.0,0.6043159668533296,-0.6931471805599453,1.3862943611198906,0.1168770453482936,0.7012622720897616,5.624838745032306,5.638354669333745
68,1.0,0.13976194237515863,-0.916290731874155,1.5686159179138452,0.06915629322268327,0.6915629322268326,5.733780682512976,5.455321115357702
69,1.0,0.16551443847757333,-0.916290731874155,1.5686159179138452,0.07241129616220131,0.724112961622013,6.0664244184003016,6.1903154058531475
70,1.0,0.19885085874516517,-0.916290731874155,1.5686159179138452,0.06954102920723226,0.6954102920723226,5.740093090142309,5.472270673671475
71,1.0,0.20701416938432612,-0.916290731874155,1.4816045409242156,0.06729475100942127,0.6729475100942126,5.488985367284417,5.0689042022202315
72,1.0,0.23901690047049992,-0.916290731874155,1.4816045409242156,0.06858710562414266,0.6858710562414266,5.608231696754587,5.337538079701318
73,1.0,0.19885085874516517,-0.916290731874155,0.7884573603642703,0.059665871121718374,0.5966587112171837,4.628615957523339,4.990432586778736
74,1.0,0.19885085874516517,-0.916290731874155,0.7884573603642703,0.06176652254478073,0.6176652254478073,4.853078696252644,5.3471075307174685
75,1.0,0.29266961396282004,-0.916290731874155,2.174751721484161,0.07434944237918216,0.7434944237918215,6.242364528271566,5.720311776607412
76,1.0,0.19885085874516517,-0.916290731874155,2.174751721484161,0.07423904974016332,0.7423904974016332,6.285819559003983,5.777652323222656
77,1.0,0.7561219797213337,-0.916290731874155,1.4816045409242156,0.06872852233676977,0.6872852233676976,5.318813669625908,5.10594547390058
78,1.0,0.7514160886839212,-0.916290731874155,1.4816045409242156,0.07225433526011561,0.7225433526011561,5.6983317849281825,5.998936561946683
79,1.0,0.7654678421395714,-0.916290731874155,1.4816045409242156,0.0697350069735007,0.697350069735007,5.42085656773696,5.3230099791384085
80,1.0,0.7323678937132266,-0.916290731874155,1.4816045409242156,0.06765899864682003,0.6765899864682002,5.218519968201044,4.875197323201151
81,1.0,0.7608058290337602,-0.916290731874155,1.4816045409242156,0.0708215297450425,0.7082152974504249,5.539701244658266,5.579729825986222
82,1.0,1.3937663759585917,-0.916290731874155,1.4816045409242156,0.06775067750677506,0.6775067750677507,4.83881126402578,4.499809670330265
83,1.0,1.4036429994545037,-0.916290731874155,1.4816045409242156,0.07042253521126761,0.704225352112676,5.118493151990337,5.093750200806762
84,1.0,1.4398351280479205,-0.916290731874155,1.4816045409242156,0.07173601147776183,0.7173601147776184,5.237529228807251,5.424950017481403
85,1.0,1.4134230285081433,-0.916290731874155,1.4816045409242156,0.0683526999316473,0.683526999316473,4.891563669289911,4.634728988229636
86,1.0,1.425515074273172,-0.916290731874155,1.4816045409242156,0.07077140835102619,0.7077140835102619,5.142890888999916,5.209486152841421
87,1.0,0.13976194237515863,-0.2231435513142097,2.174751721484161,0.07256894049346879,0.7256894049346879,5.768306491439823,5.953243334287785
88,1.0,0.1570037488096647,-0.2231435513142097,2.174751721484161,0.07012622720897616,0.7012622720897616,5.497139226104765,5.337538079701318
89,1.0,0.26236426446749106,0.1823215567939546,2.580216829592325,0.0749063670411985,0.7490636704119851,5.756426399339145,6.144185634125646
90,1.0,0.17395330712343798,0.1823215567939546,2.580216829592325,0.07037297677691766,0.7037297677691766,5.324082294510049,5.093750200806762
91,1.0,0.1823215567939546,0.1823215567939546,2.580216829592325,0.07412898443291327,0.7412898443291327,5.72049810102958,6.018593214496234
92,1.0,0.23901690047049992,0.1823215567939546,2.580216829592325,0.07097232079488999,0.7097232079489,5.349807847588469,5.187385805840755
93,1.0,0.131028262406404,0.1823215567939546,2.174751721484161,0.06825938566552901,0.6825938566552902,5.09426692482744,5.241747015059643
94,1.0,0.20701416938432612,0.1823215567939546,2.174751721484161,0.06844626967830253,0.6844626967830253,5.0694872568597695,5.241747015059643
95,1.0,0.23901690047049992,0.1823215567939546,2.174751721484161,0.07097232079488999,0.7097232079489,5.3205588346931005,5.771441123130016
96,1.0,0.25464221837358075,0.1823215567939546,2.174751721484161,0.07087172218284904,0.7087172218284904,5.300607559413528,5.739792912179234
97,1.0,0.2151113796169455,0.5596157879354227,2.9806186357439426,0.07215007215007214,0.7215007215007215,5.315120972988347,5.176149732573829
98,1.0,0.17395330712343798,0.5596157879354227,2.9806186357439426,0.07524454477050414,0.7524454477050414,5.67001580303508,5.945420608606575
99,1.0,0.14842000511827322,0.5596157879354227,2.9806186357439426,0.07518796992481203,0.7518796992481203,5.679007408126634,5.945420608606575
100,1.0,0.7323678937132266,-1.6094379124341003,0.7884573603642703,0.06662225183211193,0.6662225183211192,5.431591588369089,5.0106352940962555
101,1.0,0.7561219797213337,-1.6094379124341003,0.7884573603642703,0.0681198910081744,0.6811989100817438,5.577631087240537,5.375278407684165
102,1.0,0.7654678421395714,-1.6094379124341003,0.7884573603642703,0.06983240223463687,0.6983240223463687,5.75511566035154,5.84354441703136
103,1.0,1.7369512327330598,-0.916290731874155,1.4816045409242156,0.07272727272727272,0.7272727272727273,5.1684743427461335,5.602118820879701
104,1.0,1.742219023667919,-0.916290731874155,1.4816045409242156,0.06988120195667366,0.6988120195667366,4.861258399454305,4.787491742782046
105,1.0,1.728109442151599,-0.916290731874155,1.4816045409242156,0.07142857142857142,0.7142857142857143,5.0349101092490836,5.247024072160486
106,1.0,1.7173950539391927,-0.916290731874155,1.4816045409242156,0.0728862973760933,0.7288629737609329,5.196983594128684,5.631211781821365
107,1.0,1.7316555451583497,-0.916290731874155,1.4816045409242156,0.06934812760055478,0.6934812760055479,4.8105182906743265,4.762173934797756
108,1.0,1.6882490928583902,-0.916290731874155,1.4816045409242156,0.07047216349541931,0.704721634954193,4.956188422591462,5.062595033026967
109,1.0,0.1906203596086497,0.1823215567939546,1.8870696490323797,0.06596306068601583,0.6596306068601583,4.793048753084588,5.3230099791384085
110,1.0,0.6780335427498971,0.6280751838162305,3.0252910757955354,0.08006405124099279,0.800640512409928,5.854438758790394,5.697093486505405
111,1.0,0.636576829071551,0.6280751838162305,3.0252910757955354,0.07698229407236336,0.7698229407236336,5.549555393308589,5.739792912179234
112,1.0,0.6151856390902335,0.6280751838162305,3.0252910757955354,0.07363770250368189,0.7363770250368189,5.204770343655228,5.0238805208462765
113,1.0,0.688134638736401,0.6280751838162305,3.0252910757955354,0.07256894049346879,0.7256894049346879,5.047608504609582,4.762173934797756
114,1.0,2.362739015813793,0.6280751838162305,3.0252910757955354,0.07662835249042145,0.7662835249042146,4.4951791943205475,4.762173934797756
115,1.0,2.419478844465545,0.6280751838162305,3.0252910757955354,0.08090614886731391,0.8090614886731392,4.918863583606598,5.332718793265369
116,1.0,2.327277705584417,0.6280751838162305,3.0252910757955354,0.07698229407236336,0.7698229407236336,4.553882784122082,4.804021044733257
117,1.0,2.329227023940467,0.6280751838162305,3.0252910757955354,0.0744047619047619,0.7440476190476191,4.277315515925484,4.442651256490317
118,1.0,2.468099531471619,0.6280751838162305,3.0252910757955354,0.07751937984496124,0.7751937984496124,4.528340934233753,4.770684624465665
119,1.0,2.9892110565637253,0.6280751838162305,3.0252910757955354,0.11037527593818984,1.1037527593818985,7.732232265782403,7.515344571180436
120,1.0,2.8975680247667595,0.6280751838162305,3.0252910757955354,0.09881422924901186,0.9881422924901185,6.550859264057906,6.8501261661455
121,1.0,2.8166056076565553,0.6280751838162305,3.0252910757955354,0.09541984732824428,0.9541984732824428,6.235836082772561,6.74993119378857
122,1.0,3.883623530906448,0.6280751838162305,3.0252910757955354,0.10152284263959391,1.015228426395939,6.259586004272109,5.8971538676367405
123,1.0,4.055257173514054,0.6280751838162305,3.0252910757955354,0.09930486593843098,0.9930486593843099,5.921509638235199,5.44673737166631
124,1.0,3.9815490680767565,0.6280751838162305,3.0252910757955354,0.09871668311944719,0.9871668311944719,5.902067552103311,5.676753802268282
125,1.0,3.9926809084456005,0.6280751838162305,3.0252910757955354,0.09775171065493646,0.9775171065493646,5.79240084269874,5.564520407322694
126,1.0,4.079230924412053,0.6280751838162305,3.0252910757955354,0.09737098344693282,0.9737098344693281,5.700748396231814,5.4680601411351315
127,1.0,3.912023005428146,0.6280751838162305,3.0252910757955354,0.0946073793755913,0.9460737937559129,5.503917208952701,5.267858159063328
128,1.0,3.9721769282478934,0.6280751838162305,3.0252910757955354,0.09407337723424271,0.940733772342427,5.4114316960973845,5.187385805840755
129,1.0,3.9569963710708773,0.6280751838162305,3.0252910757955354,0.08968609865470852,0.8968609865470852,4.951573990875597,4.624972813284271
130,1.0,0.5423242908253617,-2.995732273553991,-0.5978370007556204,0.07168458781362007,0.7168458781362007,6.732144652144005,6.777646593635117
131,1.0,0.5128236264286637,-2.995732273553991,-0.5978370007556204,0.06844626967830253,0.6844626967830253,6.403491090319164,5.902633333401366
132,1.0,2.7166795278002644,-2.3025850929940455,0.7884573603642703,0.08136696501220504,0.8136696501220505,6.212391575889287,6.56244409369372
133,1.0,2.7606426512213806,-2.3025850929940455,0.7884573603642703,0.08130081300813008,0.8130081300813008,6.179432604223477,6.548219102762372
134,1.0,2.7265447837383743,-2.3025850929940455,0.7884573603642703,0.08090614886731391,0.8090614886731392,6.157341827140444,6.480044561926653
135,1.0,2.70805020110221,-2.3025850929940455,0.7884573603642703,0.07867820613690008,0.7867820613690008,5.930169185378199,5.932245187448011
136,1.0,0.8903573498476506,-3.506557897319982,-1.1086626245216111,0.07363770250368189,0.7363770250368189,6.974549773281379,7.154615356913663
138,1.0,0.8441500540964727,-3.506557897319982,-1.1086626245216111,0.07256894049346879,0.7256894049346879,6.887560406012038,7.1929342212158
139,1.0,1.7387102481382397,-0.916290731874155,1.4816045409242156,0.07037297677691766,0.7037297677691766,4.915872800312022,4.927253685157205
140,1.0,0.23901690047049992,-0.916290731874155,1.4816045409242156,0.0700280112044818,0.7002801120448179,5.7621980375108075,5.69035945432406
149,1.0,0.22314355131420976,-1.0216512475319814,1.4816045409242156,0.06775067750677506,0.6775067750677507,5.585031002039184,5.093750200806762
152,1.0,0.26236426446749106,-0.916290731874155,2.174751721484161,0.07423904974016332,0.7423904974016332,6.248415805760357,5.655991810819852
156,1.0,0.19885085874516517,0.1823215567939546,2.580216829592325,0.06872852233676977,0.6872852233676976,5.1337035239682685,4.74493212836325
158,1.0,0.7608058290337602,-3.506557897319982,-1.1086626245216111,0.06447453255963895,0.6447453255963894,6.07172391899407,5.332718793265369
171,1.0,0.5877866649021191,-1.2517634681622845,1.3862943611198906,0.051610239471511145,0.7225433526011561,5.88287052005506,5.945420608606575
172,1.0,0.6471032420585384,-1.2517634681622845,1.3862943611198906,0.05370569280343716,0.7518796992481203,6.157921346153022,6.659293919683638
173,1.0,1.2892326482767593,-1.2517634681622845,1.3862943611198906,0.052988554472233995,0.7418397626112759,5.673677008494079,6.003887067106539
174,1.0,1.275362800412609,-1.2517634681622845,1.3862943611198906,0.05206164098292378,0.7288629737609329,5.544725650189716,5.762051382780177
175,1.0,1.2383742310432684,-1.2517634681622845,1.3862943611198906,0.052559655208661835,0.7358351729212657,5.640180495797582,5.855071922202427
176,1.0,0.5596157879354227,-1.9449106487222296,1.3862943611198906,0.05366534292154127,0.7513148009015778,6.577328225345187,6.042632833682381
177,1.0,0.5933268452777344,-1.9449106487222296,1.3862943611198906,0.05498735290883097,0.7698229407236336,6.753041990851881,6.593044534142437
178,1.0,0.6523251860396901,-1.9449106487222296,1.3862943611198906,0.05473453749315818,0.7662835249042146,6.680897910548677,6.284134161070802
179,1.0,0.6729444732424258,-1.9449106487222296,1.3862943611198906,0.05562972852692479,0.778816199376947,6.801181706381439,6.660575149839686
180,1.0,0.62057648772511,-1.2517634681622845,1.3862943611198906,0.05225206395652628,0.731528895391368,5.95850612268399,6.212606095751519
188,1.0,0.2151113796169455,-1.6094379124341003,1.1314021114911006,0.04325259515570934,0.6920415224913494,5.928864858763772,5.66988092298052
189,1.0,0.23111172096338664,-1.6094379124341003,1.1314021114911006,0.044738725841088046,0.7158196134574087,6.169810413776709,6.173786103901937
190,1.0,0.2151113796169455,-1.6094379124341003,1.1314021114911006,0.042925824175824176,0.6868131868131868,5.873813774214589,5.459585514144159
191,1.0,0.20701416938432612,-1.6094379124341003,1.1314021114911006,0.04358437935843794,0.697350069735007,5.989529058067128,5.768320995793772
192,1.0,0.7839015438284094,-3.506557897319982,-0.7657178733947807,0.042258282623394185,0.676132521974307,6.312758089764126,5.926926025970411
193,1.0,0.8241754429663494,-1.6094379124341003,1.1314021114911006,0.04605747973470892,0.7369196757553427,6.042718949055799,5.831882477283517
194,1.0,0.7884573603642703,-1.6094379124341003,1.1314021114911006,0.044515669515669515,0.7122507122507122,5.804005064643948,5.472270673671475
195,1.0,0.5247285289349821,-3.3991993789994823,-0.20702416943432653,0.04709871891484552,0.7535795026375283,7.2632538626487175,7.002155954403621
196,1.0,0.5187937934151675,-3.3298073855754824,-0.20702416943432653,0.04522431259044862,0.723589001447178,6.913540755864413,6.431331081933479
211,1.0,1.8115620965242347,-0.37921273696409863,3.044522437723423,0.044365572315882874,0.8873114463176575,6.473098062858102,6.680854678790215
212,1.0,2.064327903869788,-0.06560575709799385,3.044522437723423,0.047619047619047616,0.9523809523809523,6.8368524237291135,6.9411900550683745
213,1.0,2.081938421878423,-0.23939997383373254,3.044522437723423,0.046125461254612546,0.922509225092251,6.607241465697889,6.6039438246004725
214,1.0,2.1400661634962708,-0.37323996081342753,3.044522437723423,0.04488330341113106,0.8976660682226212,6.3849060513812335,6.461468176353717
215,1.0,2.1435893615035875,-0.05160913373323024,3.044522437723423,0.04240882103477523,0.8481764206955047,5.6908363604194,5.393627546352362
216,1.0,2.064327903869788,0.024302292522964817,3.044522437723423,0.04284490145672665,0.856898029134533,5.7879504604497765,5.3706380281276624
217,1.0,1.851599469584072,-0.30938249943111995,3.044522437723423,0.04280821917808219,0.8561643835616438,6.085517051768337,6.182084906716632
218,1.0,1.534714366238164,-1.6820086052689356,3.044522437723423,0.0413564929693962,0.8271298593879239,6.708263945972274,6.8308742346461795
220,1.0,1.6213664832993742,-1.067986095126349,3.044522437723423,0.04194630872483222,0.8389261744966443,6.44965071742953,7.01211529430638
221,1.0,1.5830939370944985,-0.9023878267051636,3.044522437723423,0.05122950819672131,1.0245901639344261,8.328142740443724,8.735525185733225
222,1.0,1.6094379124341003,-0.07289332552032483,3.044522437723423,0.05537098560354374,1.1074197120708749,8.733070519714401,8.965079015408355
223,1.0,1.5665304114228238,-1.0532565869473125,3.044522437723423,0.040290088638195005,0.8058017727639001,6.12694337942573,5.820082930352362
224,1.0,1.506297153514587,-1.5779392453747294,3.044522437723423,0.037009622501850484,0.7401924500370096,5.757993669226707,5.4510384535657
225,1.0,1.7316555451583497,-1.6581030844153815,3.044522437723423,0.044964028776978415,0.8992805755395683,7.335338889476997,7.732369222284388
226,1.0,1.8341801851120072,0.4081282255276481,3.044522437723423,0.059665871121718374,1.1933174224343674,9.241256791540465,8.585225601808064
227,1.0,1.7613002617433464,0.25386672395705046,3.044522437723423,0.05186721991701245,1.037344398340249,7.7331922244593425,7.069023426578259
228,1.0,1.7934247485471162,0.4014570867106256,3.044522437723423,0.0536480686695279,1.0729613733905579,8.007841965479022,7.351799869057777
229,1.0,1.6752256529721035,-2.885981409594872,3.044522437723423,0.04325259515570934,0.8650519031141869,7.672209135969446,7.330405211844402
230,1.0,1.6486586255873816,-2.7150748160391744,3.044522437723423,0.04409171075837742,0.8818342151675485,7.771509557351783,7.603897968521881
231,1.0,1.8229350866965048,-0.6281087843807232,3.044522437723423,0.042662116040955635,0.8532423208191127,6.243689453315441,6.261491684321042
232,1.0,1.8562979903656263,-0.5293290953305504,3.044522437723423,0.041981528127623846,0.8396305625524769,6.028148821302203,6.309918278226516
233,1.0,1.8809906029559975,-0.5711065546509208,3.044522437723423,0.04748338081671415,0.949667616334283,7.18903841587341,7.652070746116482
234,1.0,1.8562979903656263,-0.6616485135005743,3.044522437723423,0.04681647940074907,0.9363295880149812,7.1126671858012696,7.661997558901893
235,1.0,1.843719208158766,-0.688557728226138,3.044522437723423,0.04638218923933209,0.9276437847866419,7.043584302690204,7.392647520721623
236,1.0,1.843719208158766,-0.5700449834259619,3.044522437723423,0.04604051565377532,0.9208103130755064,6.908066885502573,7.259819610363186
237,1.0,1.8325814637483102,-0.5918549290780729,3.044522437723423,0.045167118337850046,0.9033423667570009,6.7433713139664935,7.090076835776092
238,1.0,1.8213182714695995,-0.5659860349432663,3.044522437723423,0.044722719141323794,0.8944543828264758,6.642929119589044,6.985641817639208
239,1.0,1.803358605071407,-0.5516476182862456,3.044522437723423,0.043859649122807015,0.8771929824561403,6.464918251319385,6.709304340258298
240,1.0,1.7783364488959144,-0.46251176348744,3.044522437723423,0.03717472118959108,0.7434944237918215,5.030769434569748,4.812184355372417
241,1.0,1.7544036826842861,-0.7776163371863952,3.044522437723423,0.03790750568612585,0.7581501137225171,5.368370474424497,5.198497031265826
242,1.0,2.0906287310704004,-0.23559575925344942,3.044522437723423,0.044762757385854966,0.8952551477170994,6.314520895181202,6.021023349349527
243,1.0,2.1090003439213802,-0.36068296533627114,3.044522437723423,0.04448398576512456,0.8896797153024911,6.312752423757126,6.553933404025811
245,1.0,1.5810384379124025,0.20782684720231637,3.044522437723423,0.05428881650380022,1.0857763300760044,8.371621374331912,8.713582005421628
246,1.0,1.6505798557652755,0.2468600779315258,3.044522437723423,0.053022269353128315,1.0604453870625663,8.04421328350283,8.24380842366528
247,1.0,1.6054298910365616,0.2151113796169455,3.044522437723423,0.0536480686695279,1.0729613733905579,8.219061033079582,8.439663988907
248,1.0,1.6193882432872684,0.14669437915080344,3.044522437723423,0.05241090146750524,1.0482180293501049,7.988496916790085,8.335431477880796
249,1.0,1.410986973710262,0.1097508639591191,3.044522437723423,0.0471253534401508,0.942507068803016,7.023580140721589,6.8658910748834385
250,1.0,1.472472057360943,-0.038325114321667894,3.044522437723423,0.04906771344455348,0.9813542688910697,7.4742529568885185,7.510977752014095
251,1.0,1.501852701754163,0.0,3.044522437723423,0.05122950819672131,1.0245901639344261,7.889277724230132,7.845807502637805
252,1.0,1.5195132049061133,-0.13353139262452263,3.044522437723423,0.04194630872483222,0.8389261744966443,6.005628880243841,5.5053315359323625
253,1.0,1.5851452198650557,-0.11328068645896629,3.044522437723423,0.044722719141323794,0.8944543828264758,6.537844418980746,6.375024819828097
254,1.0,1.3887912413184778,-0.5698681643997741,3.044522437723423,0.04363001745200698,0.8726003490401396,6.670770272505323,6.934397209928558
255,1.0,1.4883995840570443,-0.18632957819149348,3.044522437723423,0.04830917874396135,0.966183574879227,7.3857513507367685,7.497207223203318
256,1.0,1.5432981099295553,-0.2984060358147566,3.044522437723423,0.049850448654037885,0.9970089730807578,7.736839134995521,8.314097335405807
257,1.0,1.6034198401085373,0.24373018492259815,3.044522437723423,0.043591979075850044,0.8718395815170009,6.097582566949374,5.877735781779639
258,1.0,2.155244505095337,-0.7176448121603456,3.044522437723423,0.040983606557377046,0.819672131147541,5.744553445143285,5.676753802268282
259,1.0,1.673351238177753,-0.3455937110707741,3.044522437723423,0.042662116040955635,0.8532423208191127,6.179404663676788,6.4967749901858625
260,1.0,1.8825138324965192,0.16466662155523393,3.044522437723423,0.04945598417408507,0.9891196834817013,7.204650920256658,7.003065458786462
261,1.0,1.9459101490553132,0.15357908792830058,3.044522437723423,0.05319148936170213,1.0638297872340425,7.956061298810141,7.8628820346414905
262,1.0,1.8825138324965192,0.15614868248993138,3.044522437723423,0.05219206680584551,1.0438413361169103,7.78258386674672,7.621195162809845
263,1.0,1.8325814637483102,-0.0015011261262670914,3.044522437723423,0.05428881650380022,1.0857763300760044,8.336387316945723,8.622633703874234
264,1.0,1.7387102481382397,-0.6045870035804651,3.044522437723423,0.048216007714561235,0.9643201542912246,7.444406798777393,7.865955413933502
265,1.0,1.7509374747078,-0.5561717255328675,3.044522437723423,0.047664442326024785,0.9532888465204957,7.295513905663049,7.855932199718614
266,1.0,1.9021075263969205,-0.5621189181535413,3.044522437723423,0.04440497335701599,0.8880994671403197,6.5266828983057685,6.974478911025045
267,1.0,1.9021075263969205,-0.5621189181535413,3.044522437723423,0.043668122270742356,0.8733624454148472,6.372277739646481,6.405228458030842
268,1.0,1.9021075263969205,-0.5621189181535413,3.044522437723423,0.042625745950554135,0.8525149190110827,6.153850591882761,6.163314804034641
269,1.0,1.9021075263969205,-0.5621189181535413,3.044522437723423,0.0425531914893617,0.851063829787234,6.138647000138721,6.51471269087253
270,1.0,1.9600947840472698,-1.5606477482646683,3.044522437723423,0.04212299915754002,0.8424599831508003,6.552915190559932,6.675823221634848
271,1.0,1.9021075263969205,-0.5621189181535413,3.044522437723423,0.04382120946538125,0.8764241893076249,6.4043567485768484,6.522092798170152
272,1.0,1.9021075263969205,-0.5621189181535413,3.044522437723423,0.04212299915754002,0.8424599831508003,6.048501356756619,5.978885764901122
273,1.0,1.9021075263969205,-0.5621189181535413,3.044522437723423,0.04084967320261438,0.8169934640522876,5.781679335648446,5.53338948872752
274,1.0,1.9021075263969205,-0.5621189181535413,3.044522437723423,0.04512635379061372,0.9025270758122743,6.677846223403998,7.199678345691172
275,1.0,1.9021075263969205,-0.5621189181535413,3.044522437723423,0.04180602006688963,0.8361204013377926,5.982079242851539,5.43372200355424
277,1.0,0.8796267475025636,-3.1122660898099426,-0.2876820724517809,0.03563791874554526,0.7127583749109052,6.426784401476032,6.373319789577012
278,1.0,0.8628899551470398,-3.0576076772720784,-0.2876820724517809,0.03556187766714083,0.7112375533428165,6.391226303303269,6.3473892096560105
279,1.0,0.8458682675776092,-3.1122660898099426,-0.2876820724517809,0.03496503496503497,0.6993006993006993,6.305664164758979,5.855071922202427
280,1.0,0.8544153281560676,-3.0576076772720784,-0.2876820724517809,0.03526093088857546,0.7052186177715092,6.333154519559944,6.419994928147142
281,1.0,0.8153648132841944,-3.0470255679415414,-0.2876820724517809,0.034482758620689655,0.6896551724137931,6.187380371416336,6.133398042996649
282,1.0,0.8415671856782185,-3.0261914810386994,-0.2876820724517809,0.036205648081100654,0.724112961622013,6.521739340115508,6.927557906278317
283,1.0,0.8241754429663494,-3.079113882493042,-0.27220250160339454,0.03553660270078181,0.7107320540156361,6.421445574361871,6.673297967767654
285,1.0,0.8153648132841944,-3.0449225177447627,-0.2843542823591063,0.034106412005457026,0.6821282401091405,6.107623715249199,6.082218910376446
286,1.0,0.7275486072772777,-2.9759296462578115,-0.2781278596469693,0.0350385423966363,0.700770847932726,6.317902459496107,6.484635235635252
287,1.0,0.7275486072772777,-2.985781942700823,-0.2974630843068863,0.032362459546925564,0.6472491909385113,5.7610556305115255,5.568344503761097
288,1.0,0.9042181506398859,-3.0878475624617967,-0.2669648308630592,0.0353356890459364,0.7067137809187279,6.337295014076158,6.672032945461067
289,1.0,3.122364924487357,-0.5709295478356962,3.0392705755684744,0.054945054945054944,1.098901098901099,8.021078602677155,7.665753431861699
290,1.0,2.89591193827178,-0.5709295478356962,3.0392705755684744,0.053022269353128315,1.0604453870625663,7.75152475560641,7.730174795246222
291,1.0,3.0106208860477417,-0.5709295478356962,3.0392705755684744,0.050200803212851405,1.0040160642570282,7.092740753129875,7.126890808898808
292,1.0,3.044522437723423,-0.5709295478356962,3.0392705755684744,0.04812319538017324,0.9624639076034649,6.6374186307754135,6.716594773520978
293,1.0,2.9391619220655967,-0.5709295478356962,3.0392705755684744,0.047664442326024785,0.9532888465204957,6.603336148195641,6.732210706467206
294,1.0,3.0007198150650303,-0.5709295478356962,3.0392705755684744,0.04743833017077799,0.9487666034155597,6.5197028256535114,6.669498089857879
295,1.0,2.91235066461494,-0.5709295478356962,3.0392705755684744,0.04621072088724584,0.9242144177449169,6.314502188416004,6.338594078203183
296,1.0,2.975529566236472,-0.5709295478356962,3.0392705755684744,0.045998160073597055,0.9199632014719411,6.232753882909803,6.267200548541362
297,1.0,3.4307561839036995,-0.5709295478356962,3.0392705755684744,0.044762757385854966,0.8952551477170994,5.705790546133514,5.583496308781699
298,1.0,3.0106208860477417,-0.5709295478356962,3.0392705755684744,0.044722719141323794,0.8944543828264758,5.944823004252407,5.846438775057725
299,1.0,3.044522437723423,-0.5709295478356962,3.0392705755684744,0.04351610095735422,0.8703220191470844,5.672014414692694,5.564520407322694
300,1.0,3.054001181677967,-0.5709295478356962,3.0392705755684744,0.04299226139294927,0.8598452278589854,5.556663108117009,5.3612921657094255
301,1.0,3.0349529867072724,-0.5709295478356962,3.0392705755684744,0.04248088360237893,0.8496176720475785,5.460722965258537,5.10594547390058
302,1.0,3.152736022363656,0.11600367575630613,3.033509637888021,0.05512679162072767,1.1025358324145536,7.670357567765393,6.985641817639208
303,1.0,3.044522437723423,0.11600367575630613,3.033509637888021,0.05307855626326964,1.0615711252653928,7.3048835577514675,7.017506142941256
304,1.0,2.995732273553991,0.11600367575630613,3.033509637888021,0.05246589716684155,1.0493179433368311,7.205235567783545,7.039660349862076
305,1.0,2.9856819377004897,0.11600367575630613,3.033509637888021,0.0522466039707419,1.044932079414838,7.1652020246460415,6.96979066990159
306,1.0,3.0204248861443626,0.11600367575630613,3.033509637888021,0.05122950819672131,1.0245901639344261,6.931611837215418,6.684611727667927
307,1.0,3.131136910560194,0.11600367575630613,3.033509637888021,0.05112474437627812,1.0224948875255624,6.844459314689999,6.815639990074331
308,1.0,3.091042453358316,0.11600367575630613,3.033509637888021,0.05065856129685917,1.0131712259371835,6.770383980352669,6.54965074223381
309,1.0,3.0819099697950434,0.11600367575630613,3.033509637888021,0.050454086781029264,1.0090817356205852,6.732915118262045,6.4692503167957724
310,1.0,3.0155349008501706,0.11600367575630613,3.033509637888021,0.05040322580645161,1.0080645161290323,6.7613463567976035,6.6052979209482015
311,1.0,3.109060958860994,0.11600367575630613,3.033509637888021,0.0496031746031746,0.9920634920634921,6.53861924497584,6.345636360828596
312,1.0,3.104586678466073,0.11600367575630613,3.033509637888021,0.04926108374384237,0.9852216748768473,6.46956998128578,6.230481447578482
313,1.0,3.095577608523707,0.11600367575630613,3.033509637888021,0.04826254826254826,0.9652509652509652,6.2656351049247485,6.068425588244111
314,1.0,2.9652730660692823,0.11600367575630613,3.033509637888021,0.045998160073597055,0.9199632014719411,5.867876463319394,5.998936561946683
315,1.0,3.0349529867072724,0.11600367575630613,3.033509637888021,0.045372050816696916,0.9074410163339383,5.695641673780797,5.5909869805108565
316,1.0,3.1484533605716547,0.11600367575630613,3.033509637888021,0.045167118337850046,0.9033423667570009,5.585856988830921,5.697093486505405
317,1.0,3.1354942159291497,0.11600367575630613,3.033509637888021,0.04508566275924256,0.9017132551848512,5.576419976793052,5.627621113690637
318,1.0,3.517497837358316,0.11600367575630613,3.033509637888021,0.044722719141323794,0.8944543828264758,5.275399925472136,5.209486152841421
319,1.0,3.1780538303479458,0.11600367575630613,3.033509637888021,0.04452359750667854,0.8904719501335708,5.433576886618978,5.568344503761097
320,1.0,2.928523523860541,0.11600367575630613,3.033509637888021,0.044444444444444446,0.8888888888888888,5.563941757294922,5.236441962829949
321,1.0,3.0252910757955354,0.11600367575630613,3.033509637888021,0.04405286343612335,0.8810572687224669,5.424899521698504,5.181783550292085
322,1.0,2.8172035149987327,-2.3025850929940455,1.279822116609374,0.04065040650406504,0.8130081300813008,6.012445241030426,6.061456918928017
323,1.0,2.776954179749421,-2.3025850929940455,1.279822116609374,0.041084634346754315,0.8216926869350862,6.12713979742232,6.230481447578482
324,1.0,2.758109400974947,-2.3025850929940455,1.279822116609374,0.04180602006688963,0.8361204013377926,6.289402130770155,6.55250788703459
325,1.0,2.733067964077498,-2.3025850929940455,1.279822116609374,0.04215851602023609,0.8431703204047217,6.37801388907777,6.71174039505618
327,1.0,2.7421295147550726,-2.9669504721285387,0.647626665258136,0.037821482602118005,0.75642965204236,5.77658902700489,5.680172609017068
328,1.0,2.7285062096695922,-2.9669504721285387,0.647626665258136,0.0397456279809221,0.794912559618442,6.1878114202082415,6.525029657843462
329,1.0,2.71336936257981,-2.9669504721285387,0.647626665258136,0.039936102236421724,0.7987220447284346,6.236639045082288,6.569481420414296
330,1.0,2.7788192719904172,-2.3025850929940455,1.315066851831523,0.04101722723543889,0.8203445447087777,6.114458892751511,6.184148890937483
331,1.0,2.7806808921371173,-2.3025850929940455,1.315066851831523,0.04128819157720892,0.8257638315441783,6.170142411205076,6.280395838960195
332,1.0,2.768204123921957,-2.3025850929940455,1.315066851831523,0.04240882103477523,0.8481764206955047,6.412315000948704,6.741700694652055
333,1.0,2.7625383863862796,-2.5902671654458267,1.024606875357614,0.04091653027823241,0.8183306055646481,6.23715645993859,6.437751649736401
334,1.0,2.7376090033437546,-2.5902671654458267,1.024606875357614,0.04095004095004095,0.819000819000819,6.2588597226837726,6.529418838262226
336,1.0,2.8075938314384716,-2.3025850929940455,1.308332819650179,0.0390625,0.78125,5.687419638712885,5.272999558563747
337,1.0,0.8109302162163288,-2.995732273553991,-0.25154302583590776,0.03219575016097875,0.6439150032195751,5.685697078150386,5.62040086571715
338,1.0,1.9021075263969205,-0.5621189181535413,3.044522437723423,0.042625745950554135,0.8525149190110827,6.153850591882761,6.163314804034641
350,1.0,0.8109302162163288,-2.995732273553991,-0.2876820724517809,0.033852403520649964,0.6770480704129993,6.030237363213011,5.375278407684165
364,1.0,0.6418538861723947,-0.8675005677047231,1.3862943611198906,0.09238728750923873,0.7390983000739099,5.983433886781628,6.434546518787453
365,1.0,0.5653138090500605,-0.8675005677047231,1.3862943611198906,0.09204712812960236,0.7363770250368189,5.999148272082818,6.5337888379333435
366,1.0,0.5709795465857378,-0.8675005677047231,1.3862943611198906,0.08503401360544217,0.6802721088435374,5.390473372589522,5.170483995038151
367,1.0,0.62057648772511,-0.8675005677047231,1.3862943611198906,0.09090909090909091,0.7272727272727273,5.86837356987257,6.180016653652572
368,1.0,1.2809338454620642,-0.8675005677047231,1.3862943611198906,0.08954154727793696,0.7163323782234957,5.361441971686805,5.707110264748875
369,1.0,1.247032293786383,-0.8675005677047231,1.3862943611198906,0.09018759018759019,0.7215007215007215,5.4371702875105345,5.673323267171493
370,1.0,1.2325602611778486,-0.8675005677047231,1.3862943611198906,0.08884150675195451,0.7107320540156361,5.329505587078469,5.572154032177765
371,1.0,0.5653138090500605,-1.5606477482646683,1.3862943611198906,0.09811616954474098,0.7849293563579278,6.896852259312896,7.110696122978827
